{
    "c3": {
        "mass": 12.01,
        "charge": -0.06314,
        "ptype": "A",
        "sigma": 0.3
    },
    "ca": {
        "mass": 12.01,
        "charge": -0.12043888888888889,
        "ptype": "A",
        "sigma": 0.3
    },
    "hc": {
        "mass": 1.008,
        "charge": 0.042875833333333335,
        "ptype": "A",
        "sigma": 0.3
    },
    "ha": {
        "mass": 1.008,
        "charge": 0.13046666666666668,
        "ptype": "A",
        "sigma": 0.3
    }
}